Connection,Zone,Coefficent
1,A1,1
2,A2,1
3,A3,1
4,A4,1
5,A5,1
6,A6,1
7,A7,1
8,A8,1
9,A9,1
10,A10,1
11,A11,1
12,A12,1
13,A13,1
14,A14,1
15,A15,1
16,A16,1
17,B1,1
18,B2,1
19,B3,1
20,B4,1
21,B5,1
22,B6,1
23,B7,1
24,B8,1
25,B9,1
26,B10,1
27,B11,1
28,B12,1
29,B13,1
30,B14,1
31,B15,1
32,B16,1
33,C1,1
34,C2,1
35,C3,1
36,C4,1
37,C5,1
38,C6,1
39,C7,1
40,C8,1
41,C9,1
42,C10,1
43,C11,1
44,C12,1
45,C13,1
46,C14,1
47,C15,1
48,C16,1
49,D1,1
50,D2,1
51,D3,1
52,D4,1
53,D5,1
54,D6,1
55,D7,1
56,D8,1
57,D9,1
58,D10,1
59,D11,1
60,D12,1
61,D13,1
62,D14,1
63,D15,1
64,D16,1
65,E1,1
66,E2,1
67,E3,1
68,E4,1
69,E5,1
70,E6,1
71,E7,1
72,E8,1
73,E9,1
74,E10,1
75,E11,1
76,E12,1
77,E13,1
78,E14,1
79,E15,1
80,E16,1
81,F1,1
82,F2,1
83,F3,1
84,F4,1
85,F5,1
86,F6,1
87,F7,1
88,F8,1
89,F9,1
90,F10,1
91,F11,1
92,F12,1
93,F13,1
94,F14,1
95,F15,1
96,F16,1
97,G1,1
98,G2,1
99,G3,1
100,G4,1
101,G5,1
102,G6,1
103,G7,1
104,G8,1
105,G9,1
106,G10,1
107,G11,1
108,G12,1
109,G13,1
110,G14,1
111,G15,1
112,G16,1
113,H1,1
114,H2,1
115,H3,1
116,H4,1
117,H5,1
118,H6,1
119,H7,1
120,H8,1
121,H9,1
122,H10,1
123,H11,1
124,H12,1
125,H13,1
126,H14,1
127,H15,1
128,H16,1
129,I1,1
130,I2,1
131,I3,1
132,I4,1
133,I5,1
134,I6,1
135,I7,1
136,I8,1
137,I9,1
138,I10,1
139,I11,1
140,I12,1
141,I13,1
142,I14,1
143,I15,1
144,I16,1
145,J1,1
146,J2,1
147,J3,1
148,J4,1
149,J5,1
150,J6,1
151,J7,1
152,J8,1
153,J9,1
154,J10,1
155,J11,1
156,J12,1
157,J13,1
158,J14,1
159,J15,1
160,J16,1
161,K1,1
162,K2,1
163,K3,1
164,K4,1
165,K5,1
166,K6,1
167,K7,1
168,K8,1
169,K9,1
170,K10,1
171,K11,1
172,K12,1
173,K13,1
174,K14,1
175,K15,1
176,K16,1
177,L1,1
178,L2,1
179,L3,1
180,L4,1
181,L5,1
182,L6,1
183,L7,1
184,L8,1
185,L9,1
186,L10,1
187,L11,1
188,L12,1
189,L13,1
190,L14,1
191,L15,1
192,L16,1
193,M1,1
194,M2,1
195,M3,1
196,M4,1
197,M5,1
198,M6,1
199,M7,1
200,M8,1
201,M9,1
202,M10,1
203,M11,1
204,M12,1
205,M13,1
206,M14,1
207,M15,1
208,M16,1
209,N1,1
210,N2,1
211,N3,1
212,N4,1
213,N5,1
214,N6,1
215,N7,1
216,N8,1
217,N9,1
218,N10,1
219,N11,1
220,N12,1
221,N13,1
222,N14,1
223,N15,1
224,N16,1
225,O1,1
226,O2,1
227,O3,1
228,O4,1
229,O5,1
230,O6,1
231,O7,1
232,O8,1
233,O9,1
234,O10,1
235,O11,1
236,O12,1
237,O13,1
238,O14,1
239,O15,1
240,O16,1
241,P1,1
242,P2,1
243,P3,1
244,P4,1
245,P5,1
246,P6,1
247,P7,1
248,P8,1
249,P9,1
250,P10,1
251,P11,1
252,P12,1
253,P13,1
254,P14,1
255,P15,1
256,P16,1
257,Q1,1
258,Q2,1
259,Q3,1
260,Q4,1
261,Q5,1
262,Q6,1
263,Q7,1
264,Q8,1
265,Q9,1
266,Q10,1
267,Q11,1
268,Q12,1
269,Q13,1
270,Q14,1
271,Q15,1
272,Q16,1
273,R1,1
274,R2,1
275,R3,1
276,R4,1
277,R5,1
278,R6,1
279,R7,1
280,R8,1
281,R9,1
282,R10,1
283,R11,1
284,R12,1
285,R13,1
286,R14,1
287,R15,1
288,R16,1
289,S1,1
290,S2,1
291,S3,1
292,S4,1
293,S5,1
294,S6,1
295,S7,1
296,S8,1
297,S9,1
298,S10,1
299,S11,1
300,S12,1
301,S13,1
302,S14,1
303,S15,1
304,S16,1
305,T1,1
306,T2,1
307,T3,1
308,T4,1
309,T5,1
310,T6,1
311,T7,1
312,T8,1
313,T9,1
314,T10,1
315,T11,1
316,T12,1
317,T13,1
318,T14,1
319,T15,1
320,T16,1
321,U1,1
322,U2,1
323,U3,1
324,U4,1
325,U5,1
326,U6,1
327,U7,1
328,U8,1
329,U9,1
330,U10,1
331,U11,1
332,U12,1
333,U13,1
334,U14,1
335,U15,1
336,U16,1
337,V1,1
338,V2,1
339,V3,1
340,V4,1
341,V5,1
342,V6,1
343,V7,1
344,V8,1
345,V9,1
346,V10,1
347,V11,1
348,V12,1
349,V13,1
350,V14,1
351,V15,1
352,V16,1
353,W1,1
354,W2,1
355,W3,1
356,W4,1
357,W5,1
358,W6,1
359,W7,1
360,W8,1
361,W9,1
362,W10,1
363,W11,1
364,W12,1
365,W13,1
366,W14,1
367,W15,1
368,W16,1
369,A1,1
370,A2,1
371,A3,1
372,A4,1
373,A5,1
374,A6,1
375,A7,1
376,A8,1
377,A9,1
378,A10,1
379,A11,1
380,A12,1
381,A13,1
382,A14,1
383,A15,1
384,A16,1
385,B1,1
386,B2,1
387,B3,1
388,B4,1
389,B5,1
390,B6,1
391,B7,1
392,B8,1
393,B9,1
394,B10,1
395,B11,1
396,B12,1
397,B13,1
398,B14,1
399,B15,1
400,B16,1
401,C1,1
402,C2,1
403,C3,1
404,C4,1
405,C5,1
406,C6,1
407,C7,1
408,C8,1
409,C9,1
410,C10,1
411,C11,1
412,C12,1
413,C13,1
414,C14,1
415,C15,1
416,C16,1
417,D1,1
418,D2,1
419,D3,1
420,D4,1
421,D5,1
422,D6,1
423,D7,1
424,D8,1
425,D9,1
426,D10,1
427,D11,1
428,D12,1
429,D13,1
430,D14,1
431,D15,1
432,D16,1
433,E1,1
434,E2,1
435,E3,1
436,E4,1
437,E5,1
438,E6,1
439,E7,1
440,E8,1
441,E9,1
442,E10,1
443,E11,1
444,E12,1
445,E13,1
446,E14,1
447,E15,1
448,E16,1
449,F1,1
450,F2,1
451,F3,1
452,F4,1
453,F5,1
454,F6,1
455,F7,1
456,F8,1
457,F9,1
458,F10,1
459,F11,1
460,F12,1
461,F13,1
462,F14,1
463,F15,1
464,F16,1
465,G1,1
466,G2,1
467,G3,1
468,G4,1
469,G5,1
470,G6,1
471,G7,1
472,G8,1
473,G9,1
474,G10,1
475,G11,1
476,G12,1
477,G13,1
478,G14,1
479,G15,1
480,G16,1
481,H1,1
482,H2,1
483,H3,1
484,H4,1
485,H5,1
486,H6,1
487,H7,1
488,H8,1
489,H9,1
490,H10,1
491,H11,1
492,H12,1
493,H13,1
494,H14,1
495,H15,1
496,H16,1
497,I1,1
498,I2,1
499,I3,1
500,I4,1
501,I5,1
502,I6,1
503,I7,1
504,I8,1
505,I9,1
506,I10,1
507,I11,1
508,I12,1
509,I13,1
510,I14,1
511,I15,1
512,I16,1
513,J1,1
514,J2,1
515,J3,1
516,J4,1
517,J5,1
518,J6,1
519,J7,1
520,J8,1
521,J9,1
522,J10,1
523,J11,1
524,J12,1
525,J13,1
526,J14,1
527,J15,1
528,J16,1
529,K1,1
530,K2,1
531,K3,1
532,K4,1
533,K5,1
534,K6,1
535,K7,1
536,K8,1
537,K9,1
538,K10,1
539,K11,1
540,K12,1
541,K13,1
542,K14,1
543,K15,1
544,K16,1
545,L1,1
546,L2,1
547,L3,1
548,L4,1
549,L5,1
550,L6,1
551,L7,1
552,L8,1
553,L9,1
554,L10,1
555,L11,1
556,L12,1
557,L13,1
558,L14,1
559,L15,1
560,L16,1
561,M1,1
562,M2,1
563,M3,1
564,M4,1
565,M5,1
566,M6,1
567,M7,1
568,M8,1
569,M9,1
570,M10,1
571,M11,1
572,M12,1
573,M13,1
574,M14,1
575,M15,1
576,M16,1
577,N1,1
578,N2,1
579,N3,1
580,N4,1
581,N5,1
582,N6,1
583,N7,1
584,N8,1
585,N9,1
586,N10,1
587,N11,1
588,N12,1
589,N13,1
590,N14,1
591,N15,1
592,N16,1
593,O1,1
594,O2,1
595,O3,1
596,O4,1
597,O5,1
598,O6,1
599,O7,1
600,O8,1
601,O9,1
602,O10,1
603,O11,1
604,O12,1
605,O13,1
606,O14,1
607,O15,1
608,O16,1
609,P1,1
610,P2,1
611,P3,1
612,P4,1
613,P5,1
614,P6,1
615,P7,1
616,P8,1
617,P9,1
618,P10,1
619,P11,1
620,P12,1
621,P13,1
622,P14,1
623,P15,1
624,P16,1
625,Q1,1
626,Q2,1
627,Q3,1
628,Q4,1
629,Q5,1
630,Q6,1
631,Q7,1
632,Q8,1
633,Q9,1
634,Q10,1
635,Q11,1
636,Q12,1
637,Q13,1
638,Q14,1
639,Q15,1
640,Q16,1
641,R1,1
642,R2,1
643,R3,1
644,R4,1
645,R5,1
646,R6,1
647,R7,1
648,R8,1
649,R9,1
650,R10,1
651,R11,1
652,R12,1
653,R13,1
654,R14,1
655,R15,1
656,R16,1
657,S1,1
658,S2,1
659,S3,1
660,S4,1
661,S5,1
662,S6,1
663,S7,1
664,S8,1
665,S9,1
666,S10,1
667,S11,1
668,S12,1
669,S13,1
670,S14,1
671,S15,1
672,S16,1
673,T1,1
674,T2,1
675,T3,1
676,T4,1
677,T5,1
678,T6,1
679,T7,1
680,T8,1
681,T9,1
682,T10,1
683,T11,1
684,T12,1
685,T13,1
686,T14,1
687,T15,1
688,T16,1
689,U1,1
690,U2,1
691,U3,1
692,U4,1
693,U5,1
694,U6,1
695,U7,1
696,U8,1
697,U9,1
698,U10,1
699,U11,1
700,U12,1
701,U13,1
702,U14,1
703,U15,1
704,U16,1
705,V1,1
706,V2,1
707,V3,1
708,V4,1
709,V5,1
710,V6,1
711,V7,1
712,V8,1
713,V9,1
714,V10,1
715,V11,1
716,V12,1
717,V13,1
718,V14,1
719,V15,1
720,V16,1
721,W1,1
722,W2,1
723,W3,1
724,W4,1
725,W5,1
726,W6,1
727,W7,1
728,W8,1
729,W9,1
730,W10,1
731,W11,1
732,W12,1
733,W13,1
734,W14,1
735,W15,1
736,W16,1,,,,,,,,,,,,,,,,,,,,,,,,,,,,,,,,,,,,,,,,,,,,,,,,,,,,,,,,,,,,,,,,,,,,,,,,,,,,,,,,,,,,,,,,,,,,,,
737,A1,0.02,A2,0.92,A3,1,A4,0.48,A5,0.39,A6,0.35,A7,0.31,A8,0.27,A9,0.29,A10,0.26,A11,0.23,A12,0.2,A13,0.14,A14,0.01,A15,0,A16,0.16,B1,0.74,B2,0,B3,-0.11,B4,0.18,B5,0.18,B6,0.17,B7,0.16,B8,0.15,B9,0.18,B10,0.17,B11,0.15,B12,0.13,B13,0.11,B14,0.02,B15,0,B16,0.07,C1,0.36,C2,0,C3,-0.1,C4,0.09,C5,0.09,C6,0.08,C7,0.07,C8,0.07,C9,0.09,C10,0.08,C11,0.06,C12,0.05,C13,0.04,C14,0.02,C15,0,C16,-0.01
738,A1,0.16,A2,0,A3,0.01,A4,0.14,A5,0.2,A6,0.23,A7,0.26,A8,0.29,A9,0.27,A10,0.31,A11,0.35,A12,0.39,A13,0.48,A14,1,A15,0.92,A16,0.02,B1,0.07,B2,0,B3,0.02,B4,0.11,B5,0.13,B6,0.15,B7,0.17,B8,0.18,B9,0.15,B10,0.16,B11,0.17,B12,0.18,B13,0.18,B14,-0.11,B15,0,B16,0.74,C1,-0.01,C2,0,C3,0.02,C4,0.04,C5,0.05,C6,0.06,C7,0.08,C8,0.09,C9,0.07,C10,0.07,C11,0.08,C12,0.09,C13,0.09,C14,-0.1,C15,0,C16,0.36
739,A1,0.72,A2,0,A3,-0.09,A4,0.2,A5,0.2,A6,0.19,A7,0.18,A8,0.17,A9,0.2,A10,0.18,A11,0.16,A12,0.15,A13,0.11,A14,0.03,A15,0,A16,0.06,B1,-0.54,B2,0.92,B3,1.05,B4,0.37,B5,0.29,B6,0.23,B7,0.19,B8,0.14,B9,0.18,B10,0.14,B11,0.11,B12,0.08,B13,0.04,B14,0,B15,0,B16,0.03,C1,0.44,C2,0,C3,0,C4,0.13,C5,0.12,C6,0.11,C7,0.1,C8,0.08,C9,0.11,C10,0.09,C11,0.08,C12,0.06,C13,0.04,C14,0.02,C15,0,C16,-0.01
740,A1,0.06,A2,0,A3,0.03,A4,0.11,A5,0.15,A6,0.16,A7,0.18,A8,0.2,A9,0.17,A10,0.18,A11,0.19,A12,0.2,A13,0.2,A14,-0.09,A15,0,A16,0.72,B1,0.03,B2,0,B3,0,B4,0.04,B5,0.08,B6,0.11,B7,0.14,B8,0.18,B9,0.14,B10,0.19,B11,0.23,B12,0.29,B13,0.37,B14,1.05,B15,0.92,B16,-0.54,C1,-0.01,C2,0,C3,0.02,C4,0.04,C5,0.06,C6,0.08,C7,0.09,C8,0.11,C9,0.08,C10,0.1,C11,0.11,C12,0.12,C13,0.13,C14,0,C15,0,C16,0.44
741,B1,0.44,B2,0,B3,0,B4,0.13,B5,0.12,B6,0.11,B7,0.1,B8,0.08,B9,0.11,B10,0.09,B11,0.07,B12,0.06,B13,0.04,B14,0.02,B15,0,B16,-0.01,C1,-0.63,C2,0.92,C3,1.05,C4,0.33,C5,0.24,C6,0.19,C7,0.15,C8,0.1,C9,0.13,C10,0.1,C11,0.07,C12,0.04,C13,0.01,C14,0.01,C15,0,C16,-0.01,D1,0.44,D2,0,D3,0,D4,0.13,D5,0.12,D6,0.11,D7,0.1,D8,0.08,D9,0.11,D10,0.09,D11,0.07,D12,0.06,D13,0.04,D14,0.02,D15,0,D16,-0.01
742,B1,-0.01,B2,0,B3,0.02,B4,0.04,B5,0.06,B6,0.07,B7,0.09,B8,0.11,B9,0.08,B10,0.1,B11,0.11,B12,0.12,B13,0.13,B14,0,B15,0,B16,0.44,C1,-0.01,C2,0,C3,0.01,C4,0.01,C5,0.04,C6,0.07,C7,0.1,C8,0.13,C9,0.1,C10,0.15,C11,0.19,C12,0.24,C13,0.33,C14,1.05,C15,0.92,C16,-0.63,D1,-0.01,D2,0,D3,0.02,D4,0.04,D5,0.06,D6,0.07,D7,0.09,D8,0.11,D9,0.08,D10,0.1,D11,0.11,D12,0.12,D13,0.13,D14,0,D15,0,D16,0.44
743,C1,0.44,C2,0,C3,0,C4,0.13,C5,0.12,C6,0.11,C7,0.1,C8,0.08,C9,0.11,C10,0.09,C11,0.07,C12,0.06,C13,0.04,C14,0.02,C15,0,C16,-0.01,D1,-0.63,D2,0.92,D3,1.05,D4,0.33,D5,0.24,D6,0.19,D7,0.15,D8,0.1,D9,0.13,D10,0.1,D11,0.07,D12,0.04,D13,0.01,D14,0.01,D15,0,D16,-0.01,E1,0.44,E2,0,E3,0,E4,0.13,E5,0.12,E6,0.11,E7,0.1,E8,0.08,E9,0.11,E10,0.09,E11,0.07,E12,0.06,E13,0.04,E14,0.02,E15,0,E16,-0.01
744,C1,-0.01,C2,0,C3,0.02,C4,0.04,C5,0.06,C6,0.07,C7,0.09,C8,0.11,C9,0.08,C10,0.1,C11,0.11,C12,0.12,C13,0.13,C14,0,C15,0,C16,0.44,D1,-0.01,D2,0,D3,0.01,D4,0.01,D5,0.04,D6,0.07,D7,0.1,D8,0.13,D9,0.1,D10,0.15,D11,0.19,D12,0.24,D13,0.33,D14,1.05,D15,0.92,D16,-0.63,E1,-0.01,E2,0,E3,0.02,E4,0.04,E5,0.06,E6,0.07,E7,0.09,E8,0.11,E9,0.08,E10,0.1,E11,0.11,E12,0.12,E13,0.13,E14,0,E15,0,E16,0.44
745,D1,0.44,D2,0,D3,0,D4,0.13,D5,0.12,D6,0.11,D7,0.1,D8,0.08,D9,0.11,D10,0.09,D11,0.07,D12,0.06,D13,0.04,D14,0.02,D15,0,D16,-0.01,E1,-0.63,E2,0.92,E3,1.05,E4,0.33,E5,0.24,E6,0.19,E7,0.15,E8,0.1,E9,0.13,E10,0.1,E11,0.07,E12,0.04,E13,0.01,E14,0.01,E15,0,E16,-0.01,F1,0.44,F2,0,F3,0,F4,0.13,F5,0.12,F6,0.11,F7,0.1,F8,0.08,F9,0.11,F10,0.09,F11,0.07,F12,0.06,F13,0.04,F14,0.02,F15,0,F16,-0.01
746,D1,-0.01,D2,0,D3,0.02,D4,0.04,D5,0.06,D6,0.07,D7,0.09,D8,0.11,D9,0.08,D10,0.1,D11,0.11,D12,0.12,D13,0.13,D14,0,D15,0,D16,0.44,E1,-0.01,E2,0,E3,0.01,E4,0.01,E5,0.04,E6,0.07,E7,0.1,E8,0.13,E9,0.1,E10,0.15,E11,0.19,E12,0.24,E13,0.33,E14,1.05,E15,0.92,E16,-0.63,F1,-0.01,F2,0,F3,0.02,F4,0.04,F5,0.06,F6,0.07,F7,0.09,F8,0.11,F9,0.08,F10,0.1,F11,0.11,F12,0.12,F13,0.13,F14,0,F15,0,F16,0.44
747,E1,0.44,E2,0,E3,0,E4,0.13,E5,0.12,E6,0.11,E7,0.1,E8,0.08,E9,0.11,E10,0.09,E11,0.07,E12,0.06,E13,0.04,E14,0.02,E15,0,E16,-0.01,F1,-0.63,F2,0.92,F3,1.05,F4,0.33,F5,0.24,F6,0.19,F7,0.15,F8,0.1,F9,0.13,F10,0.1,F11,0.07,F12,0.04,F13,0.01,F14,0.01,F15,0,F16,-0.01,G1,0.44,G2,0,G3,0,G4,0.13,G5,0.12,G6,0.11,G7,0.1,G8,0.08,G9,0.11,G10,0.09,G11,0.07,G12,0.06,G13,0.04,G14,0.02,G15,0,G16,-0.01
748,E1,-0.01,E2,0,E3,0.02,E4,0.04,E5,0.06,E6,0.07,E7,0.09,E8,0.11,E9,0.08,E10,0.1,E11,0.11,E12,0.12,E13,0.13,E14,0,E15,0,E16,0.44,F1,-0.01,F2,0,F3,0.01,F4,0.01,F5,0.04,F6,0.07,F7,0.1,F8,0.13,F9,0.1,F10,0.15,F11,0.19,F12,0.24,F13,0.33,F14,1.05,F15,0.92,F16,-0.63,G1,-0.01,G2,0,G3,0.02,G4,0.04,G5,0.06,G6,0.07,G7,0.09,G8,0.11,G9,0.08,G10,0.1,G11,0.11,G12,0.12,G13,0.13,G14,0,G15,0,G16,0.44
749,F1,0.44,F2,0,F3,0,F4,0.13,F5,0.12,F6,0.11,F7,0.1,F8,0.08,F9,0.11,F10,0.09,F11,0.07,F12,0.06,F13,0.04,F14,0.02,F15,0,F16,-0.01,G1,-0.63,G2,0.92,G3,1.05,G4,0.33,G5,0.24,G6,0.19,G7,0.15,G8,0.1,G9,0.13,G10,0.1,G11,0.07,G12,0.04,G13,0.01,G14,0.01,G15,0,G16,-0.01,H1,0.44,H2,0,H3,0,H4,0.13,H5,0.12,H6,0.11,H7,0.1,H8,0.08,H9,0.11,H10,0.09,H11,0.07,H12,0.06,H13,0.04,H14,0.02,H15,0,H16,-0.01
750,F1,-0.01,F2,0,F3,0.02,F4,0.04,F5,0.06,F6,0.07,F7,0.09,F8,0.11,F9,0.08,F10,0.1,F11,0.11,F12,0.12,F13,0.13,F14,0,F15,0,F16,0.44,G1,-0.01,G2,0,G3,0.01,G4,0.01,G5,0.04,G6,0.07,G7,0.1,G8,0.13,G9,0.1,G10,0.15,G11,0.19,G12,0.24,G13,0.33,G14,1.05,G15,0.92,G16,-0.63,H1,-0.01,H2,0,H3,0.02,H4,0.04,H5,0.06,H6,0.07,H7,0.09,H8,0.11,H9,0.08,H10,0.1,H11,0.11,H12,0.12,H13,0.13,H14,0,H15,0,H16,0.44
751,G1,0.44,G2,0,G3,0,G4,0.13,G5,0.12,G6,0.11,G7,0.1,G8,0.08,G9,0.11,G10,0.09,G11,0.07,G12,0.06,G13,0.04,G14,0.02,G15,0,G16,-0.01,H1,-0.63,H2,0.92,H3,1.05,H4,0.33,H5,0.24,H6,0.19,H7,0.15,H8,0.1,H9,0.13,H10,0.1,H11,0.07,H12,0.04,H13,0.01,H14,0.01,H15,0,H16,-0.01,I1,0.44,I2,0,I3,0,I4,0.13,I5,0.12,I6,0.11,I7,0.1,I8,0.08,I9,0.11,I10,0.09,I11,0.07,I12,0.06,I13,0.04,I14,0.02,I15,0,I16,-0.01
752,G1,-0.01,G2,0,G3,0.02,G4,0.04,G5,0.06,G6,0.07,G7,0.09,G8,0.11,G9,0.08,G10,0.1,G11,0.11,G12,0.12,G13,0.13,G14,0,G15,0,G16,0.44,H1,-0.01,H2,0,H3,0.01,H4,0.01,H5,0.04,H6,0.07,H7,0.1,H8,0.13,H9,0.1,H10,0.15,H11,0.19,H12,0.24,H13,0.33,H14,1.05,H15,0.92,H16,-0.63,I1,-0.01,I2,0,I3,0.02,I4,0.04,I5,0.06,I6,0.07,I7,0.09,I8,0.11,I9,0.08,I10,0.1,I11,0.11,I12,0.12,I13,0.13,I14,0,I15,0,I16,0.44
753,H1,0.44,H2,0,H3,0,H4,0.13,H5,0.12,H6,0.11,H7,0.1,H8,0.08,H9,0.11,H10,0.09,H11,0.07,H12,0.06,H13,0.04,H14,0.02,H15,0,H16,-0.01,I1,-0.63,I2,0.92,I3,1.05,I4,0.33,I5,0.24,I6,0.19,I7,0.15,I8,0.1,I9,0.13,I10,0.1,I11,0.07,I12,0.04,I13,0.01,I14,0.01,I15,0,I16,-0.01,J1,0.44,J2,0,J3,0,J4,0.13,J5,0.12,J6,0.11,J7,0.1,J8,0.08,J9,0.11,J10,0.09,J11,0.07,J12,0.06,J13,0.04,J14,0.02,J15,0,J16,-0.01
754,H1,-0.01,H2,0,H3,0.02,H4,0.04,H5,0.06,H6,0.07,H7,0.09,H8,0.11,H9,0.08,H10,0.1,H11,0.11,H12,0.12,H13,0.13,H14,0,H15,0,H16,0.44,I1,-0.01,I2,0,I3,0.01,I4,0.01,I5,0.04,I6,0.07,I7,0.1,I8,0.13,I9,0.1,I10,0.15,I11,0.19,I12,0.24,I13,0.33,I14,1.05,I15,0.92,I16,-0.63,J1,-0.01,J2,0,J3,0.02,J4,0.04,J5,0.06,J6,0.07,J7,0.09,J8,0.11,J9,0.08,J10,0.1,J11,0.11,J12,0.12,J13,0.13,J14,0,J15,0,J16,0.44
755,I1,0.44,I2,0,I3,0,I4,0.13,I5,0.12,I6,0.11,I7,0.1,I8,0.08,I9,0.11,I10,0.09,I11,0.07,I12,0.06,I13,0.04,I14,0.02,I15,0,I16,-0.01,J1,-0.63,J2,0.92,J3,1.05,J4,0.33,J5,0.24,J6,0.19,J7,0.15,J8,0.1,J9,0.13,J10,0.1,J11,0.07,J12,0.04,J13,0.01,J14,0.01,J15,0,J16,-0.01,K1,0.44,K2,0,K3,0,K4,0.13,K5,0.12,K6,0.11,K7,0.1,K8,0.08,K9,0.11,K10,0.09,K11,0.07,K12,0.06,K13,0.04,K14,0.02,K15,0,K16,-0.01
756,I1,-0.01,I2,0,I3,0.02,I4,0.04,I5,0.06,I6,0.07,I7,0.09,I8,0.11,I9,0.08,I10,0.1,I11,0.11,I12,0.12,I13,0.13,I14,0,I15,0,I16,0.44,J1,-0.01,J2,0,J3,0.01,J4,0.01,J5,0.04,J6,0.07,J7,0.1,J8,0.13,J9,0.1,J10,0.15,J11,0.19,J12,0.24,J13,0.33,J14,1.05,J15,0.92,J16,-0.63,K1,-0.01,K2,0,K3,0.02,K4,0.04,K5,0.06,K6,0.07,K7,0.09,K8,0.11,K9,0.08,K10,0.1,K11,0.11,K12,0.12,K13,0.13,K14,0,K15,0,K16,0.44
757,J1,0.44,J2,0,J3,0,J4,0.13,J5,0.12,J6,0.11,J7,0.1,J8,0.08,J9,0.11,J10,0.09,J11,0.07,J12,0.06,J13,0.04,J14,0.02,J15,0,J16,-0.01,K1,-0.63,K2,0.92,K3,1.05,K4,0.33,K5,0.24,K6,0.19,K7,0.15,K8,0.1,K9,0.13,K10,0.1,K11,0.07,K12,0.04,K13,0.01,K14,0.01,K15,0,K16,-0.01,L1,0.44,L2,0,L3,0,L4,0.13,L5,0.12,L6,0.11,L7,0.1,L8,0.08,L9,0.11,L10,0.09,L11,0.07,L12,0.06,L13,0.04,L14,0.02,L15,0,L16,-0.01
758,J1,-0.01,J2,0,J3,0.02,J4,0.04,J5,0.06,J6,0.07,J7,0.09,J8,0.11,J9,0.08,J10,0.1,J11,0.11,J12,0.12,J13,0.13,J14,0,J15,0,J16,0.44,K1,-0.01,K2,0,K3,0.01,K4,0.01,K5,0.04,K6,0.07,K7,0.1,K8,0.13,K9,0.1,K10,0.15,K11,0.19,K12,0.24,K13,0.33,K14,1.05,K15,0.92,K16,-0.63,L1,-0.01,L2,0,L3,0.02,L4,0.04,L5,0.06,L6,0.07,L7,0.09,L8,0.11,L9,0.08,L10,0.1,L11,0.11,L12,0.12,L13,0.13,L14,0,L15,0,L16,0.44
759,K1,0.44,K2,0,K3,0,K4,0.13,K5,0.12,K6,0.11,K7,0.1,K8,0.08,K9,0.11,K10,0.09,K11,0.07,K12,0.06,K13,0.04,K14,0.02,K15,0,K16,-0.01,L1,-0.63,L2,0.92,L3,1.05,L4,0.33,L5,0.24,L6,0.19,L7,0.15,L8,0.1,L9,0.13,L10,0.1,L11,0.07,L12,0.04,L13,0.01,L14,0.01,L15,0,L16,-0.01,M1,0.44,M2,0,M3,0,M4,0.13,M5,0.12,M6,0.11,M7,0.1,M8,0.08,M9,0.11,M10,0.09,M11,0.07,M12,0.06,M13,0.04,M14,0.02,M15,0,M16,-0.01
760,K1,-0.01,K2,0,K3,0.02,K4,0.04,K5,0.06,K6,0.07,K7,0.09,K8,0.11,K9,0.08,K10,0.1,K11,0.11,K12,0.12,K13,0.13,K14,0,K15,0,K16,0.44,L1,-0.01,L2,0,L3,0.01,L4,0.01,L5,0.04,L6,0.07,L7,0.1,L8,0.13,L9,0.1,L10,0.15,L11,0.19,L12,0.24,L13,0.33,L14,1.05,L15,0.92,L16,-0.63,M1,-0.01,M2,0,M3,0.02,M4,0.04,M5,0.06,M6,0.07,M7,0.09,M8,0.11,M9,0.08,M10,0.1,M11,0.11,M12,0.12,M13,0.13,M14,0,M15,0,M16,0.44
761,L1,0.44,L2,0,L3,0,L4,0.13,L5,0.12,L6,0.11,L7,0.1,L8,0.08,L9,0.11,L10,0.09,L11,0.07,L12,0.06,L13,0.04,L14,0.02,L15,0,L16,-0.01,M1,-0.63,M2,0.92,M3,1.05,M4,0.33,M5,0.24,M6,0.19,M7,0.15,M8,0.1,M9,0.13,M10,0.1,M11,0.07,M12,0.04,M13,0.01,M14,0.01,M15,0,M16,-0.01,N1,0.44,N2,0,N3,0,N4,0.13,N5,0.12,N6,0.11,N7,0.1,N8,0.08,N9,0.11,N10,0.09,N11,0.07,N12,0.06,N13,0.04,N14,0.02,N15,0,N16,-0.01
762,L1,-0.01,L2,0,L3,0.02,L4,0.04,L5,0.06,L6,0.07,L7,0.09,L8,0.11,L9,0.08,L10,0.1,L11,0.11,L12,0.12,L13,0.13,L14,0,L15,0,L16,0.44,M1,-0.01,M2,0,M3,0.01,M4,0.01,M5,0.04,M6,0.07,M7,0.1,M8,0.13,M9,0.1,M10,0.15,M11,0.19,M12,0.24,M13,0.33,M14,1.05,M15,0.92,M16,-0.63,N1,-0.01,N2,0,N3,0.02,N4,0.04,N5,0.06,N6,0.07,N7,0.09,N8,0.11,N9,0.08,N10,0.1,N11,0.11,N12,0.12,N13,0.13,N14,0,N15,0,N16,0.44
763,M1,0.44,M2,0,M3,0,M4,0.13,M5,0.12,M6,0.11,M7,0.1,M8,0.08,M9,0.11,M10,0.09,M11,0.07,M12,0.06,M13,0.04,M14,0.02,M15,0,M16,-0.01,N1,-0.63,N2,0.92,N3,1.05,N4,0.33,N5,0.24,N6,0.19,N7,0.15,N8,0.1,N9,0.13,N10,0.1,N11,0.07,N12,0.04,N13,0.01,N14,0.01,N15,0,N16,-0.01,O1,0.44,O2,0,O3,0,O4,0.13,O5,0.12,O6,0.11,O7,0.1,O8,0.08,O9,0.11,O10,0.09,O11,0.07,O12,0.06,O13,0.04,O14,0.02,O15,0,O16,-0.01
764,M1,-0.01,M2,0,M3,0.02,M4,0.04,M5,0.06,M6,0.07,M7,0.09,M8,0.11,M9,0.08,M10,0.1,M11,0.11,M12,0.12,M13,0.13,M14,0,M15,0,M16,0.44,N1,-0.01,N2,0,N3,0.01,N4,0.01,N5,0.04,N6,0.07,N7,0.1,N8,0.13,N9,0.1,N10,0.15,N11,0.19,N12,0.24,N13,0.33,N14,1.05,N15,0.92,N16,-0.63,O1,-0.01,O2,0,O3,0.02,O4,0.04,O5,0.06,O6,0.07,O7,0.09,O8,0.11,O9,0.08,O10,0.1,O11,0.11,O12,0.12,O13,0.13,O14,0,O15,0,O16,0.44
765,N1,0.44,N2,0,N3,0,N4,0.13,N5,0.12,N6,0.11,N7,0.1,N8,0.08,N9,0.11,N10,0.09,N11,0.07,N12,0.06,N13,0.04,N14,0.02,N15,0,N16,-0.01,O1,-0.63,O2,0.92,O3,1.05,O4,0.33,O5,0.24,O6,0.19,O7,0.15,O8,0.1,O9,0.13,O10,0.1,O11,0.07,O12,0.04,O13,0.01,O14,0.01,O15,0,O16,-0.01,P1,0.44,P2,0,P3,0,P4,0.13,P5,0.12,P6,0.11,P7,0.1,P8,0.08,P9,0.11,P10,0.09,P11,0.07,P12,0.06,P13,0.04,P14,0.02,P15,0,P16,-0.01
766,N1,-0.01,N2,0,N3,0.02,N4,0.04,N5,0.06,N6,0.07,N7,0.09,N8,0.11,N9,0.08,N10,0.1,N11,0.11,N12,0.12,N13,0.13,N14,0,N15,0,N16,0.44,O1,-0.01,O2,0,O3,0.01,O4,0.01,O5,0.04,O6,0.07,O7,0.1,O8,0.13,O9,0.1,O10,0.15,O11,0.19,O12,0.24,O13,0.33,O14,1.05,O15,0.92,O16,-0.63,P1,-0.01,P2,0,P3,0.02,P4,0.04,P5,0.06,P6,0.07,P7,0.09,P8,0.11,P9,0.08,P10,0.1,P11,0.11,P12,0.12,P13,0.13,P14,0,P15,0,P16,0.44
767,O1,0.44,O2,0,O3,0,O4,0.13,O5,0.12,O6,0.11,O7,0.1,O8,0.08,O9,0.11,O10,0.09,O11,0.07,O12,0.06,O13,0.04,O14,0.02,O15,0,O16,-0.01,P1,-0.63,P2,0.92,P3,1.05,P4,0.33,P5,0.24,P6,0.19,P7,0.15,P8,0.1,P9,0.13,P10,0.1,P11,0.07,P12,0.04,P13,0.01,P14,0.01,P15,0,P16,-0.01,Q1,0.44,Q2,0,Q3,0,Q4,0.13,Q5,0.12,Q6,0.11,Q7,0.1,Q8,0.08,Q9,0.11,Q10,0.09,Q11,0.07,Q12,0.06,Q13,0.04,Q14,0.02,Q15,0,Q16,-0.01
768,O1,-0.01,O2,0,O3,0.02,O4,0.04,O5,0.06,O6,0.07,O7,0.09,O8,0.11,O9,0.08,O10,0.1,O11,0.11,O12,0.12,O13,0.13,O14,0,O15,0,O16,0.44,P1,-0.01,P2,0,P3,0.01,P4,0.01,P5,0.04,P6,0.07,P7,0.1,P8,0.13,P9,0.1,P10,0.15,P11,0.19,P12,0.24,P13,0.33,P14,1.05,P15,0.92,P16,-0.63,Q1,-0.01,Q2,0,Q3,0.02,Q4,0.04,Q5,0.06,Q6,0.07,Q7,0.09,Q8,0.11,Q9,0.08,Q10,0.1,Q11,0.11,Q12,0.12,Q13,0.13,Q14,0,Q15,0,Q16,0.44
769,P1,0.44,P2,0,P3,0,P4,0.13,P5,0.12,P6,0.11,P7,0.1,P8,0.08,P9,0.11,P10,0.09,P11,0.07,P12,0.06,P13,0.04,P14,0.02,P15,0,P16,-0.01,Q1,-0.63,Q2,0.92,Q3,1.05,Q4,0.33,Q5,0.24,Q6,0.19,Q7,0.15,Q8,0.1,Q9,0.13,Q10,0.1,Q11,0.07,Q12,0.04,Q13,0.01,Q14,0.01,Q15,0,Q16,-0.01,R1,0.44,R2,0,R3,0,R4,0.13,R5,0.12,R6,0.11,R7,0.1,R8,0.08,R9,0.11,R10,0.09,R11,0.07,R12,0.06,R13,0.04,R14,0.02,R15,0,R16,-0.01
770,P1,-0.01,P2,0,P3,0.02,P4,0.04,P5,0.06,P6,0.07,P7,0.09,P8,0.11,P9,0.08,P10,0.1,P11,0.11,P12,0.12,P13,0.13,P14,0,P15,0,P16,0.44,Q1,-0.01,Q2,0,Q3,0.01,Q4,0.01,Q5,0.04,Q6,0.07,Q7,0.1,Q8,0.13,Q9,0.1,Q10,0.15,Q11,0.19,Q12,0.24,Q13,0.33,Q14,1.05,Q15,0.92,Q16,-0.63,R1,-0.01,R2,0,R3,0.02,R4,0.04,R5,0.06,R6,0.07,R7,0.09,R8,0.11,R9,0.08,R10,0.1,R11,0.11,R12,0.12,R13,0.13,R14,0,R15,0,R16,0.44
771,Q1,0.44,Q2,0,Q3,0,Q4,0.13,Q5,0.12,Q6,0.11,Q7,0.1,Q8,0.08,Q9,0.11,Q10,0.09,Q11,0.07,Q12,0.06,Q13,0.04,Q14,0.02,Q15,0,Q16,-0.01,R1,-0.63,R2,0.92,R3,1.05,R4,0.33,R5,0.24,R6,0.19,R7,0.15,R8,0.1,R9,0.13,R10,0.1,R11,0.07,R12,0.04,R13,0.01,R14,0.01,R15,0,R16,-0.01,S1,0.44,S2,0,S3,0,S4,0.13,S5,0.12,S6,0.11,S7,0.1,S8,0.08,S9,0.11,S10,0.09,S11,0.07,S12,0.06,S13,0.04,S14,0.02,S15,0,S16,-0.01
772,Q1,-0.01,Q2,0,Q3,0.02,Q4,0.04,Q5,0.06,Q6,0.07,Q7,0.09,Q8,0.11,Q9,0.08,Q10,0.1,Q11,0.11,Q12,0.12,Q13,0.13,Q14,0,Q15,0,Q16,0.44,R1,-0.01,R2,0,R3,0.01,R4,0.01,R5,0.04,R6,0.07,R7,0.1,R8,0.13,R9,0.1,R10,0.15,R11,0.19,R12,0.24,R13,0.33,R14,1.05,R15,0.92,R16,-0.63,S1,-0.01,S2,0,S3,0.02,S4,0.04,S5,0.06,S6,0.07,S7,0.09,S8,0.11,S9,0.08,S10,0.1,S11,0.11,S12,0.12,S13,0.13,S14,0,S15,0,S16,0.44
773,R1,0.44,R2,0,R3,0,R4,0.13,R5,0.12,R6,0.11,R7,0.1,R8,0.08,R9,0.11,R10,0.09,R11,0.07,R12,0.06,R13,0.04,R14,0.02,R15,0,R16,-0.01,S1,-0.63,S2,0.92,S3,1.05,S4,0.33,S5,0.24,S6,0.19,S7,0.15,S8,0.1,S9,0.13,S10,0.1,S11,0.07,S12,0.04,S13,0.01,S14,0.01,S15,0,S16,-0.01,T1,0.44,T2,0,T3,0,T4,0.13,T5,0.12,T6,0.11,T7,0.1,T8,0.08,T9,0.11,T10,0.09,T11,0.07,T12,0.06,T13,0.04,T14,0.02,T15,0,T16,-0.01
774,R1,-0.01,R2,0,R3,0.02,R4,0.04,R5,0.06,R6,0.07,R7,0.09,R8,0.11,R9,0.08,R10,0.1,R11,0.11,R12,0.12,R13,0.13,R14,0,R15,0,R16,0.44,S1,-0.01,S2,0,S3,0.01,S4,0.01,S5,0.04,S6,0.07,S7,0.1,S8,0.13,S9,0.1,S10,0.15,S11,0.19,S12,0.24,S13,0.33,S14,1.05,S15,0.92,S16,-0.63,T1,-0.01,T2,0,T3,0.02,T4,0.04,T5,0.06,T6,0.07,T7,0.09,T8,0.11,T9,0.08,T10,0.1,T11,0.11,T12,0.12,T13,0.13,T14,0,T15,0,T16,0.44
775,S1,0.44,S2,0,S3,0,S4,0.13,S5,0.12,S6,0.11,S7,0.1,S8,0.08,S9,0.11,S10,0.09,S11,0.07,S12,0.06,S13,0.04,S14,0.02,S15,0,S16,-0.01,T1,-0.63,T2,0.92,T3,1.05,T4,0.33,T5,0.24,T6,0.19,T7,0.15,T8,0.1,T9,0.13,T10,0.1,T11,0.07,T12,0.04,T13,0.01,T14,0.01,T15,0,T16,-0.01,U1,0.44,U2,0,U3,0,U4,0.13,U5,0.12,U6,0.11,U7,0.1,U8,0.08,U9,0.11,U10,0.09,U11,0.07,U12,0.06,U13,0.04,U14,0.02,U15,0,U16,-0.01
776,S1,-0.01,S2,0,S3,0.02,S4,0.04,S5,0.06,S6,0.07,S7,0.09,S8,0.11,S9,0.08,S10,0.1,S11,0.11,S12,0.12,S13,0.13,S14,0,S15,0,S16,0.44,T1,-0.01,T2,0,T3,0.01,T4,0.01,T5,0.04,T6,0.07,T7,0.1,T8,0.13,T9,0.1,T10,0.15,T11,0.19,T12,0.24,T13,0.33,T14,1.05,T15,0.92,T16,-0.63,U1,-0.01,U2,0,U3,0.02,U4,0.04,U5,0.06,U6,0.07,U7,0.09,U8,0.11,U9,0.08,U10,0.1,U11,0.11,U12,0.12,U13,0.13,U14,0,U15,0,U16,0.44
777,T1,0.44,T2,0,T3,0,T4,0.13,T5,0.12,T6,0.11,T7,0.1,T8,0.08,T9,0.11,T10,0.09,T11,0.07,T12,0.06,T13,0.04,T14,0.02,T15,0,T16,-0.01,U1,-0.63,U2,0.92,U3,1.05,U4,0.33,U5,0.24,U6,0.19,U7,0.15,U8,0.1,U9,0.13,U10,0.1,U11,0.07,U12,0.04,U13,0.01,U14,0.01,U15,0,U16,-0.01,V1,0.44,V2,0,V3,0,V4,0.13,V5,0.12,V6,0.11,V7,0.1,V8,0.08,V9,0.11,V10,0.09,V11,0.07,V12,0.06,V13,0.04,V14,0.02,V15,0,V16,-0.01
778,T1,-0.01,T2,0,T3,0.02,T4,0.04,T5,0.06,T6,0.07,T7,0.09,T8,0.11,T9,0.08,T10,0.1,T11,0.11,T12,0.12,T13,0.13,T14,0,T15,0,T16,0.44,U1,-0.01,U2,0,U3,0.01,U4,0.01,U5,0.04,U6,0.07,U7,0.1,U8,0.13,U9,0.1,U10,0.15,U11,0.19,U12,0.24,U13,0.33,U14,1.05,U15,0.92,U16,-0.63,V1,-0.01,V2,0,V3,0.02,V4,0.04,V5,0.06,V6,0.07,V7,0.09,V8,0.11,V9,0.08,V10,0.1,V11,0.11,V12,0.12,V13,0.13,V14,0,V15,0,V16,0.44
779,U1,0.72,U2,0,U3,-0.09,U4,0.2,U5,0.2,U6,0.19,U7,0.18,U8,0.17,U9,0.2,U10,0.18,U11,0.16,U12,0.15,U13,0.11,U14,0.03,U15,0,U16,0.06,V1,-0.54,V2,0.92,V3,1.05,V4,0.37,V5,0.29,V6,0.23,V7,0.19,V8,0.14,V9,0.18,V10,0.14,V11,0.11,V12,0.08,V13,0.04,V14,0,V15,0,V16,0.03,W1,0.44,W2,0,W3,0,W4,0.13,W5,0.12,W6,0.11,W7,0.1,W8,0.08,W9,0.11,W10,0.09,W11,0.07,W12,0.06,W13,0.04,W14,0.02,W15,0,W16,-0.01
780,U1,0.06,U2,0,U3,0.03,U4,0.11,U5,0.15,U6,0.16,U7,0.18,U8,0.2,U9,0.17,U10,0.18,U11,0.19,U12,0.2,U13,0.2,U14,-0.09,U15,0,U16,0.72,V1,0.03,V2,0,V3,0,V4,0.04,V5,0.08,V6,0.11,V7,0.14,V8,0.18,V9,0.14,V10,0.19,V11,0.23,V12,0.29,V13,0.37,V14,1.05,V15,0.92,V16,-0.54,W1,-0.01,W2,0,W3,0.02,W4,0.04,W5,0.06,W6,0.07,W7,0.09,W8,0.11,W9,0.08,W10,0.1,W11,0.11,W12,0.12,W13,0.13,W14,0,W15,0,W16,0.44
781,V1,0.74,V2,0,V3,-0.11,V4,0.18,V5,0.18,V6,0.17,V7,0.16,V8,0.15,V9,0.18,V10,0.17,V11,0.15,V12,0.13,V13,0.11,V14,0.02,V15,0,V16,0.07,W1,0.02,W2,0.92,W3,1,W4,0.48,W5,0.39,W6,0.35,W7,0.31,W8,0.27,W9,0.29,W10,0.26,W11,0.23,W12,0.2,W13,0.14,W14,0.01,W15,0,W16,0.16,,,,,,,,,,,,,,,,,,,,,,,,,,,,,,,,
782,V1,0.07,V2,0,V3,0.02,V4,0.11,V5,0.13,V6,0.15,V7,0.17,V8,0.18,V9,0.15,V10,0.16,V11,0.17,V12,0.18,V13,0.18,V14,-0.11,V15,0,V16,0.74,W1,0.16,W2,0,W3,0.01,W4,0.14,W5,0.2,W6,0.23,W7,0.26,W8,0.29,W9,0.27,W10,0.31,W11,0.35,W12,0.39,W13,0.48,W14,1,W15,0.92,W16,0.02,,,,,,,,,,,,,,,,,,,,,,,,,,,,,,,,
